Title,Company,Location,Summary
Software Engineer,Roadrunner,Remote,
Infor XA Application Development,CISTECH,Remote,"Typically responds within 3 days
Pay information not provided
Full-time
Monday to Friday
+1
Bonus opportunities
Profit sharing"
Software Engineer II (Python),BELVA,Remote,"$110,000 - $135,000 a year
Full-time
8 hour shift"
Software Developer I,Ironwood Cyber Inc,Remote,"From $90,000 a year
Full-time
Monday to Friday
+1"
Associate Software Engineer,Accelerate Learning Inc.,Remote,
N/A,The Management Council of the Ohio Education...,Remote in Ohio,"$50,000 - $68,000 a year
Full-time
Monday to Friday
+1"
Software Engineer,Eckoh (US),Remote,"From $65,000 a year
Full-time
Monday to Friday"
N/A,MedGEO Inc.,Remote,"Typically responds within 1 day
$113,297 - $130,926 a year
Full-time
+1
1099 contract
Stock options"
Front-End Developer (Conversion Rate Optimization),V Shred,Remote,"From $140,000 a year
Full-time
Monday to Friday"
"Software Engineer, Servicing","Upstart Network, Inc.",Remote,"$113,800 - $189,000 a year"
Sr. Software Developer,"Digital Enterprise Solutions, Inc.",Remote,"$125,000 - $155,000 a year
Full-time"
PHP Developer,Confidential,Remote,"$70,000 - $80,000 a year
Full-time
Monday to Friday
+1
Bonus opportunities"
Backend Software Engineer,Owl Practice,Remote,"Pay information not provided
Full-time"
"Backend Engineer I, Customer Experience",Included Health,Remote,Typically responds within 1 day
Software Engineer,Journalytic,Remote,
